Origin,Destination,Unc_0.7_Cov_0.7,Unc_0.7_Cov_0.75,Unc_0.7_Cov_0.8,Unc_0.7_Cov_0.85,Unc_0.7_Cov_0.9,Unc_0.7_Cov_0.95,Unc_0.7_Cov_1,Unc_0.75_Cov_0.7,Unc_0.75_Cov_0.75,Unc_0.75_Cov_0.8,Unc_0.75_Cov_0.85,Unc_0.75_Cov_0.9,Unc_0.75_Cov_0.95,Unc_0.75_Cov_1,Unc_0.8_Cov_0.7,Unc_0.8_Cov_0.75,Unc_0.8_Cov_0.8,Unc_0.8_Cov_0.85,Unc_0.8_Cov_0.9,Unc_0.8_Cov_0.95,Unc_0.8_Cov_1,Unc_0.85_Cov_0.7,Unc_0.85_Cov_0.75,Unc_0.85_Cov_0.8,Unc_0.85_Cov_0.85,Unc_0.85_Cov_0.9,Unc_0.85_Cov_0.95,Unc_0.85_Cov_1,Unc_0.9_Cov_0.7,Unc_0.9_Cov_0.75,Unc_0.9_Cov_0.8,Unc_0.9_Cov_0.85,Unc_0.9_Cov_0.9,Unc_0.9_Cov_0.95,Unc_0.9_Cov_1,Unc_0.95_Cov_0.7,Unc_0.95_Cov_0.75,Unc_0.95_Cov_0.8,Unc_0.95_Cov_0.85,Unc_0.95_Cov_0.9,Unc_0.95_Cov_0.95,Unc_0.95_Cov_1,Unc_1_Cov_0.7,Unc_1_Cov_0.75,Unc_1_Cov_0.8,Unc_1_Cov_0.85,Unc_1_Cov_0.9,Unc_1_Cov_0.95,Unc_1_Cov_1
Chicago,Cleveland,438.0892,441.037125,442.5615882,445.2257778,447.8175789,445.5183,445.6933636,443.8056667,446.905625,448.4869118,451.2972222,454.0352632,451.6015,451.7936364,449.5221333,452.774125,456.0008235,457.3686667,460.2529474,457.6847,457.8939091,455.2386,458.642625,462.0273824,463.4401111,460.7546316,463.7679,463.9941818,460.9550667,464.511125,466.2628824,469.5115556,466.6922105,469.8511,470.0944545,466.6715333,470.379625,472.1882059,475.583,472.6297895,475.9343,476.1947273,472.388,476.248125,478.1135294,481.6544444,478.5673684,482.0175,482.295
Chicago,Detroit,358.09752,357.5100556,356.6247368,357.2780656,358.1994531,360.7891029,364.1930556,362.9861,362.36625,361.4046491,362.0556557,363.3753125,366.0871324,369.466875,367.25092,367.2224444,366.888386,366.8332459,368.243375,371.5938529,374.7406944,372.09764,372.0786389,372.4424649,371.6108361,373.1777422,376.6809412,380.0145139,376.93998,376.9348333,377.3036316,376.3884262,378.0385469,381.7680294,385.2883333,382.52658,381.7910278,382.1647982,381.1660164,382.8993516,386.8551176,390.5621528,386.6328,386.6472222,387.0259649,385.9436066,387.7601563,391.9422059,395.8359722
Chicago,Duluth,580.5334,580.0318308,579.9961159,579.0742329,580.9025641,583.4093171,586.8925862,588.5565417,586.9844231,586.9381159,585.9578425,587.8623718,590.4889024,594.0961207,595.6088,593.9370154,593.8801159,592.8283562,594.8221795,597.5684878,601.2996552,602.6610583,600.8896077,600.8221159,599.6978562,601.7802115,604.6470732,608.5031897,609.7133167,609.0538923,607.7641159,606.5679315,608.7382179,611.7162195,615.7067241,618.094025,616.0734846,616.0904058,613.4380068,615.6962244,618.7830671,622.9102586,626.615,623.0930769,623.0955072,621.0562162,622.6542308,625.8382927,630.1137931
Chicago,Hamilton,589.904,589.904,585.7224286,585.7224286,590.679125,590.679125,590.9087778,597.26,597.26,592.9389286,592.9389286,598.1259375,598.1259375,598.4780556,604.616,604.616,600.1554286,600.1554286,605.57275,605.57275,606.0473333,611.972,611.972,607.3719286,607.3719286,613.0195625,613.0195625,613.6166111,619.328,619.328,614.5884286,614.5884286,620.466375,620.466375,621.1858889,626.684,626.684,621.8049286,621.8049286,627.9131875,627.9131875,628.7551667,634.1566667,634.1566667,629.0214286,629.0214286,635.36,635.36,636.3244444
Chicago,Milwaukee,165.2328462,163.0550238,160.8483111,166.5124792,172.2025882,175.1548148,179.8150351,167.7690385,165.4782738,163.1675556,169.2322396,175.3008824,178.5733333,183.5206579,170.3052308,167.9015238,165.4868,171.952,178.3991765,181.9918519,187.2262807,172.8414231,170.3247738,167.8060444,174.6717604,181.4974706,185.4103704,190.9319035,175.3776154,172.7480238,170.1252889,177.3915208,184.5957647,188.8288889,194.6375263,177.9138077,175.1712738,172.4445333,180.1112812,186.8562255,192.2474074,198.3431491,180.45,177.5945238,174.7637778,182.8310417,189.9454902,195.6659259,202.0487719
Chicago,Montreal,1041.262967,1039.169594,1042.041118,1044.725306,1047.781658,1050.832625,1055.981884,1052.694583,1050.503047,1053.519926,1056.346458,1059.566513,1062.788187,1068.228779,1062.547667,1064.551188,1064.987059,1067.967611,1071.351368,1074.74375,1080.475674,1073.311033,1074.408219,1076.454191,1079.588764,1083.136224,1086.699313,1092.72257,1087.261833,1088.419531,1089.290971,1091.209917,1094.921079,1098.654875,1104.969465,1098.635583,1101.332219,1102.230044,1102.831069,1106.705934,1110.610438,1117.21636,1112.182333,1112.8825,1113.852941,1114.452222,1118.490789,1122.566,1129.463256
Chicago,Thunder Bay,826.7955238,829.4284,828.789375,831.5295882,832.5645185,831.8070526,832.0904754,836.4339286,839.1644444,840.2009375,841.4054412,842.4587963,841.6353509,841.945041,846.0723333,848.9004889,850.0166667,851.2676471,854.2302593,851.4636491,851.7996066,855.6755833,858.6365333,859.8323958,861.1094608,864.2141759,861.2919474,861.6541721,865.2724048,868.3725778,869.648125,870.9512745,874.1980926,871.1202456,871.5087377,874.8569167,878.1086222,877.2909375,880.7930882,884.1820093,880.9485439,881.3633033,884.4414286,887.8446667,886.99125,890.634902,891.8512963,890.7768421,891.2178689
Chicago,Toledo,331.0892927,329.2311818,331.2874894,334.76506,337.790566,340.8111071,343.5171017,335.5467683,333.5632955,335.7607447,339.48195,342.7225472,345.9591071,348.8584322,340.0042439,337.8954091,340.234,344.19884,347.6545283,351.1071071,354.1997627,344.4617195,342.2275227,344.7072553,348.91573,352.5865094,356.2551071,359.5410932,348.9191951,346.5596364,349.1805106,353.63262,357.5184906,361.4031071,364.8824237,353.3766707,350.89175,353.653766,358.34951,362.4504717,366.5511071,370.2237542,357.8341463,355.2238636,358.1270213,363.0664,367.3824528,371.6991071,375.5650847
Chicago,Toronto,641.5521739,641.3022162,642.993519,642.6572976,642.2947978,642.7352766,643.47,649.7236232,650.1386149,651.2043671,650.8449702,650.4439045,650.892234,651.6353535,657.8950725,658.2979189,659.4151139,659.0326429,658.5930112,660.102383,659.8007071,666.0665217,667.2195946,666.8253544,667.2203155,666.742118,668.3064149,667.9660606,675.0017101,675.4102703,674.994962,676.2983214,674.8866966,676.5104468,676.1314141,683.1997681,683.6009459,683.1645696,684.5252321,683.0203146,684.7144787,684.2967677,691.3882609,691.7916216,691.3341772,692.7521429,691.1539326,691.6420213,692.4621212
Chicago,Windsor,360.2646585,360.7004545,359.2654043,358.72076,360.1069623,362.8891786,366.6911695,364.9033537,365.3685227,363.847766,363.2783,364.7690094,367.7559821,371.806822,369.5420488,369.0319091,368.4301277,367.83584,369.4310566,372.6227857,376.9224746,374.1807439,373.637625,373.0124894,372.39338,374.0939151,377.4895893,382.0381271,378.819439,378.2433409,377.5948511,376.95092,378.769717,382.3563929,387.1537797,383.4581341,381.6765227,382.1772128,381.50846,383.4455189,387.2231964,392.2694322,388.0968293,386.2286364,386.7595745,386.066,388.1213208,392.09,397.3850847
Cleveland,Chicago,444.0310455,443.7995833,442.48304,442.3883333,440.8963214,437.9761,441.6018438,447.5192045,447.4655208,448.744,448.6306481,447.0577679,443.97425,447.8772656,453.6695455,450.7144167,452.19592,454.872963,453.2192143,449.9724,454.1526875,459.82675,456.669875,458.24614,461.1152778,459.3806607,455.97055,460.4281094,465.9872273,462.6253333,464.29636,467.3575926,465.5421071,461.9687,466.7035313,472.1477045,468.5807917,470.34658,473.5999074,471.7035536,467.96685,472.9789531,478.3081818,474.53625,476.3968,479.8422222,477.865,473.965,479.254375
Cleveland,Detroit,214.3930175,214.3456885,212.9885385,214.7040725,219.2799315,223.2932208,227.4723415,217.3480702,217.2920082,215.8467308,217.6957609,222.6001027,226.9150649,231.4061585,220.3031228,220.2383279,218.7049231,220.6874493,225.9182466,230.5369091,235.3399756,223.2616579,223.1846475,221.5655154,223.6791377,229.0600959,234.1587532,239.2737927,227.0362281,226.1309672,224.4286769,226.6708261,232.375863,237.7805974,243.2076098,230.0355702,229.0772869,227.2929538,229.6625145,235.6916301,241.3987987,247.1414268,233.0349123,232.0242623,230.1572308,232.7911594,239.0073973,245.0133766,251.0752439
Cleveland,Duluth,958.6585577,958.6428571,958.6474667,959.3131905,960.6643731,960.6702958,960.908,969.2508173,969.2305357,969.2384167,969.9728175,971.4203358,971.4359507,971.7123333,979.8430769,979.8182143,979.8293667,980.6324444,982.1762985,980.5801408,982.5166667,990.4353365,990.4058929,990.4203167,991.2920714,992.9362761,991.2677817,993.321,1001.027596,999.5706964,1001.011267,1001.951698,1003.704433,1001.955423,1004.125333,1011.619856,1010.092402,1011.602217,1012.611325,1012.619306,1012.643063,1014.929667,1022.217885,1022.2025,1022.193167,1021.295714,1023.289851,1023.330704,1025.734
Cleveland,Hamilton,347.7333043,348.67256,349.8831481,348.9493571,347.0868333,347.5033125,349.8435588,352.7091304,353.7194,355.0058333,354.0003571,352.0189167,352.4790625,355.0040441,357.6849565,358.76624,360.1285185,359.0513571,356.951,357.4548125,360.1645294,362.6607826,363.81308,365.2512037,364.1023571,361.8830833,362.4305625,365.3250147,367.6366087,368.85992,370.3738889,369.1533571,366.8151667,367.4063125,370.4855,372.6124348,373.90676,375.4965741,374.2043571,371.74725,372.3820625,375.6459853,377.5882609,378.9536,380.6192593,379.2553571,376.6793333,377.3578125,380.8064706
Cleveland,Milwaukee,540.1129192,540.7420094,540.5879823,540.8472083,540.6088898,539.6498284,540.3133451,547.2489394,547.9087972,547.7332743,547.9886042,547.7313976,546.7016604,547.4016725,554.3805859,555.0755849,554.8785664,555.13,554.8522205,553.7534925,554.49,561.5109141,562.2448679,562.0238584,562.2713958,561.9669606,560.8053246,561.5783275,568.6348182,569.419283,569.763292,569.4157833,569.0817008,567.8571567,568.6666549,575.7587222,577.1910802,576.9431947,577.2530042,576.1964409,575.7373209,575.7549824,582.8826263,584.3900943,584.4499123,584.4308333,583.3111811,582.8285075,582.8433099
Cleveland,Montreal,688.3852826,688.8664082,689.5833077,690.9092679,692.8889492,692.3591935,693.688,698.5124457,698.1195408,698.8530288,698.9863839,699.7192797,700.5232258,701.9390909,706.6592609,706.1962857,706.9461923,708.3432857,707.8377627,710.1171935,710.1901818,714.8060761,714.2730306,716.4702308,716.5019732,715.9562458,718.3651935,718.4412727,722.9528913,722.3497755,724.6478462,724.6606607,724.0747288,724.989871,726.6923636,731.0997065,730.4265204,732.8254615,732.8193482,732.1932119,734.8445565,734.9434545,740.846087,740.1257143,741.0030769,740.9780357,740.3116949,743.0785484,743.1945455
Cleveland,Thunder Bay,1150.6014,1145.104,1145.104,1145.104,1134.801286,1134.801286,1126.577125,1165.6585,1159.7625,1159.7625,1159.7625,1148.725357,1148.725357,1139.909063,1180.7156,1174.421,1174.421,1174.421,1162.649429,1162.649429,1153.241,1195.7727,1189.0795,1189.0795,1189.0795,1176.5735,1176.5735,1166.572938,1210.8298,1203.738,1203.738,1203.738,1190.497571,1190.497571,1179.904875,1225.8869,1218.3965,1218.3965,1218.3965,1204.421643,1204.421643,1193.236812,1240.944,1233.055,1233.055,1233.055,1218.345714,1218.345714,1206.56875
Cleveland,Toledo,156.1674286,156.7339565,157.072,157.0755,156.2025926,154.4573448,156.3305806,158.7825,159.3905435,159.7495833,159.7479808,158.8094444,156.9433621,158.95,161.3974286,162.0471304,162.4271667,162.4204615,161.4162963,159.4293793,161.5694194,164.0123571,164.7037174,165.10475,165.0929423,164.0231481,161.9153966,164.1888387,166.6272857,167.3603043,167.7823333,167.7654231,166.63,164.4014138,166.8082581,169.2422143,170.0168913,170.4599167,170.4379038,169.2368519,166.887431,169.4276774,171.8571429,172.6734783,173.1375,173.1103846,171.8437037,169.3734483,172.0470968
Cleveland,Toronto,377.4345556,378.22645,380.3762857,382.7154091,387.3050833,389.44184,394.8901852,381.91,382.799375,385.0854762,387.5932955,392.5172917,394.8112,400.6402778,386.3854444,387.3723,389.7946667,392.4711818,397.7295,400.18056,406.3903704,390.8608889,391.945225,394.5038571,397.3490682,402.9417083,405.54992,412.140463,395.3363333,396.51815,399.2130476,402.2269545,408.1539167,410.91928,417.8905556,399.8117778,401.091075,403.9222381,407.1048409,413.366125,416.28864,423.6406481,404.2872222,405.664,408.6314286,411.9827273,418.5783333,421.658,429.3907407
Cleveland,Windsor,231.9105333,232.0516458,231.3125577,230.1658909,228.7325345,233.0359672,238.1005385,235.383,235.5383854,234.7476442,233.5118182,231.9850431,236.6054098,242.0288846,238.8554667,239.025125,238.1827308,236.8577455,235.2375517,240.1722623,245.9572308,241.9141,242.5118646,241.6213173,240.2036727,238.4900603,243.7391148,249.8855769,245.3669556,245.5067917,245.0626731,243.5496,241.742569,247.3059672,253.8139231,248.8198111,248.9673542,248.5040288,246.8955273,244.9950776,250.8728197,257.7422692,252.2726667,252.4279167,251.9453846,250.2414545,248.2475862,254.4396721,261.6706154
Detroit,Chicago,356.5832264,356.5107544,356.5023279,357.1975231,355.5478696,358.1286301,361.3332078,361.3066509,361.2277632,361.2077869,361.9418846,360.1742391,362.9450685,366.3724351,366.7086415,365.9447719,365.9132459,366.6862462,364.8006087,367.7615068,371.4116623,371.472566,370.6617807,370.6187049,371.4306077,369.4269783,372.5779452,376.4508896,376.2364906,375.3787895,375.3241639,376.1749692,374.0533478,377.3943836,381.4901169,380.9944717,380.0957982,380.029623,380.9193308,378.6797174,382.2108219,386.5293442,385.7492453,384.812807,384.735082,385.6636923,383.306087,387.0272603,391.5685714
Detroit,Cleveland,227.817,227.5782424,227.7589722,227.7895526,228.12245,227.7171905,228.6611778,231.2744355,231.3049242,231.2138194,231.2466447,231.601375,231.167381,232.1842778,234.731871,234.7626667,234.3351111,234.7037368,235.0803,234.6175714,235.7073778,238.1893065,238.2204091,237.7714028,238.1608289,238.559225,238.0677619,239.2304778,241.6467419,241.6781515,241.2076944,241.6179211,242.03815,241.5179524,242.7535778,245.1041774,245.1358939,244.6439861,245.0750132,245.517075,244.9681429,246.2766778,248.5616129,248.5936364,248.0802778,248.5321053,248.996,248.4183333,249.7997778
Detroit,Duluth,869.4738621,869.6343548,871.864303,874.4958,876.9101892,877.2118718,881.3137143,878.9268966,879.1142742,881.5083333,884.3297857,886.9010135,887.2375,891.610119,888.379931,888.5941935,891.1523636,894.1569714,896.8918378,897.2631282,901.9065238,897.8508276,898.0741129,900.7963939,903.9708143,906.8826622,907.2887564,912.2029286,907.3326207,907.5540323,910.4404242,913.7734,916.8734865,917.3143846,922.4993333,916.8144138,917.0339516,920.0844545,923.5759857,926.8643108,927.3400128,932.7957381,926.2962069,929.3583871,929.7284848,933.3785714,936.8551351,937.365641,943.0921429
Detroit,Hamilton,263.4423214,263.3869333,264.4134688,264.1725882,262.6046944,265.8258684,271.2275854,267.188125,268.1965,268.1713281,267.9057353,266.2349306,269.6945395,275.4961585,270.9339286,271.9644667,271.9291875,271.6388824,269.8651667,273.5632105,279.7647317,274.6797321,275.7324333,275.6870469,275.3720294,273.4954028,277.4318816,284.0333049,278.4255357,279.5004,279.4449063,279.1051765,277.1256389,281.3005526,288.301878,282.1713393,283.2683667,283.2027656,282.8383235,280.755875,285.1692237,292.5704512,285.9067857,287.0363333,286.960625,286.5714706,284.3861111,289.0378947,296.8390244
Detroit,Milwaukee,465.5044516,464.089197,463.7335775,463.7545867,463.2557875,465.2867024,467.2076292,471.5327419,470.0144318,469.6455634,469.6778333,469.1447813,471.3283036,473.3939045,477.5610323,475.9396667,474.7335493,475.59488,475.033775,477.3699048,479.5801798,483.5893226,481.8649015,480.5949859,481.5119267,480.9227688,483.411506,485.7664551,489.6176129,487.7901364,486.4564225,486.3912267,486.8117625,489.4531071,491.9527303,495.648121,493.7193182,492.3178592,492.25328,492.7007563,495.4947083,498.1390056,501.6841935,499.6492424,498.1792958,498.1153333,498.58975,501.5363095,504.3252809
Detroit,Montreal,695.6872745,696.7931455,695.3828475,693.3220806,691.9521364,693.5459429,695.4735541,705.5864216,705.4570455,703.9629661,703.2383871,700.3032955,701.9565714,703.9952365,715.538549,714.1011636,712.5430847,711.754129,708.6544545,710.3672,712.5169189,724.2551373,722.7452818,721.1232034,720.269871,717.0056136,718.7778286,721.0386014,732.9717255,731.3894,729.703322,728.7856129,725.3567727,727.1884571,729.5602838,741.6883137,740.0335182,738.2834407,737.3013548,733.7079318,735.5990857,738.0819662,751.8772549,748.6776364,748.6550847,745.8170968,742.0590909,744.0097143,746.6036486
Detroit,Thunder Bay,934.4266471,936.9974444,931.02435,928.4389524,925.9763636,929.2942609,935.4678,945.7530882,948.4958333,942.145,939.3966667,936.7934091,940.2947826,946.8509,957.0795294,959.9942222,953.2994,950.354381,947.6104545,951.2953043,958.234,968.4059706,971.4926111,964.4538,961.3120952,958.4275,962.2958261,969.6171,979.7324118,982.991,975.6082,972.2799048,969.2445455,973.2963478,981.0002,991.0588529,994.4893889,986.7626,983.2775714,980.0615909,984.2968696,992.3833,1002.385294,1005.987778,997.917,994.2752381,990.8786364,995.2973913,1003.7664
Detroit,Toledo,92.25928571,93.10725,93.10725,91.61411111,91.61411111,90.177,99.37145455,94.16821429,95.081875,95.081875,93.47583333,93.47583333,91.932,101.7868182,96.07714286,97.0565,97.0565,95.33755556,95.33755556,93.687,104.2021818,97.98607143,99.031125,99.031125,97.19927778,97.19927778,95.442,106.6175455,99.895,101.00575,101.00575,99.061,99.061,97.197,109.0329091,101.8039286,102.980375,102.980375,100.9227222,100.9227222,98.952,111.4482727,103.7128571,104.955,104.955,102.7844444,102.7844444,100.707,113.8636364
Detroit,Toronto,307.3949167,309.2228077,312.8107143,314.9088276,319.0723226,323.2900909,328.7097143,310.798125,312.7472115,316.5871429,318.84,323.3035484,327.8284091,333.6292857,314.2013333,316.2716154,320.3635714,322.7711724,327.5333548,332.3667273,338.5488571,317.6045417,319.7960192,324.14,326.7023448,331.7631613,336.9050455,343.4684286,321.00775,323.3204231,327.9164286,330.6335172,335.9929677,341.4433636,348.388,324.4109583,326.8448269,331.6928571,334.5646897,340.2227742,345.9816818,353.3075714,327.8141667,330.3692308,335.4692857,338.4958621,344.4525806,350.52,358.2271429
Detroit,Windsor,34.39171429,34.02725,34.02725,34.56122222,34.56122222,44.8183,53.77218182,36.45214286,36.064375,36.064375,36.62694444,36.62694444,47.56475,57.14272727,38.51257143,38.1015,38.1015,38.69266667,38.69266667,50.3112,60.51327273,40.573,40.138625,40.138625,40.75838889,40.75838889,53.05765,63.88381818,42.63342857,42.17575,42.17575,42.82411111,42.82411111,55.8041,67.25436364,44.69385714,44.212875,44.212875,44.88983333,44.88983333,58.55055,70.62490909,46.75428571,46.25,46.25,46.95555556,46.95555556,61.297,73.99545455
Duluth,Chicago,572.991875,573.7981739,573.2415342,573.5582308,574.2823659,574.7521609,574.2349891,580.5575,581.4152899,580.8130822,581.1542949,581.927439,582.4098276,581.8521467,588.123125,589.0324058,589.0364384,588.750359,589.5725122,590.0674943,589.4693043,596.3043438,596.6495217,596.6467397,596.3464231,597.2175854,597.7251609,597.086462,603.9075313,604.2666377,604.2614795,603.9424872,604.8567195,605.378908,604.7036196,612.2053828,611.8837536,611.8762192,611.5385513,612.4938476,613.0324425,612.3207772,619.8507813,619.8775714,619.4909589,619.1346154,620.1309756,620.685977,619.9379348
Duluth,Cleveland,973.1144767,970.0073441,967.4625051,966.4504,965.375982,963.4540769,964.1459113,984.28375,980.976586,978.2639394,977.2248571,976.1013063,974.090235,974.841754,994.3314419,991.0550538,989.0714343,987.0701714,986.8312793,984.7263932,985.5375968,1005.271494,1001.829306,998.9421061,997.7767238,996.5591396,995.3625513,996.2334395,1015.972442,1012.324914,1010.688,1008.4704,1007.231198,1005.998709,1006.929282,1024.33686,1022.995237,1021.490212,1019.158248,1016.808734,1015.515145,1017.625125,1035.320581,1032.933763,1031.192323,1029.85019,1027.425225,1026.093077,1028.320968
Duluth,Detroit,869.268875,870.5151765,869.2336111,870.8135789,872.4707,870.7200952,870.0613913,878.98125,880.3858824,878.9943056,880.6694737,882.40475,880.6221429,879.9208696,888.647,890.2565882,888.755,890.5253684,892.3388,890.5241905,889.7803478,898.31275,900.1272941,898.5156944,900.3812632,902.27285,900.4262381,899.6398261,907.9785,906.2744118,908.2763889,910.2371579,912.2069,910.3282857,909.4993043,917.64425,915.8357353,918.0370833,920.0930526,918.1893,920.2303333,919.3587826,927.31,925.3970588,927.7977778,929.9489474,928.0155,930.132381,929.2182609
Duluth,Hamilton,1038.485776,1035.825792,1036.381607,1034.870617,1033.971683,1032.238881,1030.323507,1051.426276,1048.569764,1049.145,1047.484542,1046.511032,1044.657127,1042.619542,1064.368041,1062.754302,1061.908393,1060.098467,1059.050381,1057.075373,1054.915577,1075.80301,1075.589642,1074.671786,1072.712392,1071.58973,1069.493619,1067.211613,1088.655,1088.424981,1087.428607,1087.08845,1084.129079,1081.911866,1079.507648,1103.196531,1101.260321,1100.174482,1099.804058,1096.668429,1094.330112,1091.803683,1116.127755,1114.09566,1112.920357,1112.519667,1109.207778,1106.748358,1104.099718
Duluth,Milwaukee,477.022186,476.4759348,475.9065918,475.2049808,475.9576182,476.6594655,478.6138065,483.4093023,482.8113587,482.1997449,481.4388942,482.2375909,483.0004741,485.0746774,489.7964186,489.1467826,488.492898,487.6728077,488.5175636,489.3414828,491.5355484,496.1835349,495.4822065,494.786051,493.9067212,494.7975364,495.6824914,497.9964194,502.5706512,501.8176304,501.0792041,500.1406346,501.0775091,502.0235,504.4572903,508.9577674,508.1530543,507.3723571,506.3745481,507.3574818,508.3645086,510.9181613,515.3448837,514.4884783,513.6655102,512.6084615,513.6374545,514.7055172,517.3790323
Duluth,Montreal,1308.486333,1308.486333,1314.0771,1318.857091,1318.857091,1323.0775,1328.197154,1322.393611,1322.393611,1326.95025,1332.183182,1332.183182,1336.7675,1342.206346,1334.835333,1334.835333,1341.5886,1345.509273,1345.509273,1350.4575,1356.215538,1347.277056,1347.277056,1354.5717,1360.754364,1360.754364,1364.1475,1370.224731,1359.718778,1359.718778,1367.5548,1374.165636,1374.165636,1377.8375,1384.233923,1372.1605,1372.1605,1380.5379,1387.576909,1387.576909,1391.5275,1398.243115,1384.602222,1384.602222,1393.521,1400.988182,1400.988182,1405.2175,1412.252308
Duluth,Thunder Bay,273.687125,273.6716111,274.1724737,273.36615,274.1641429,273.0806818,275.1163333,277.509375,277.4943056,278.0209211,277.148875,278.0041667,276.8435227,279.0208333,281.331625,282.484,281.8693684,280.9316,281.8441905,280.6063636,282.9253333,285.153875,286.3686944,285.7178158,284.714325,285.6842143,284.3692045,286.8298333,288.976125,290.2533889,289.5662632,288.49705,289.5242381,288.1320455,290.7343333,292.798375,294.1380833,293.4147105,292.279775,293.3642619,291.8948864,294.6388333,296.620625,298.0227778,297.2631579,296.0625,297.2042857,295.6577273,298.5433333
Duluth,Toledo,865.4107436,864.5934524,862.9823409,865.3706596,864.46096,863.5766792,865.09725,873.8807692,874.6833929,874.6634091,873.7596809,872.90805,873.6964151,875.3225893,883.9066154,884.7733333,884.7407727,881.9891915,882.94572,883.8161509,885.5479286,893.9324615,894.8632738,892.8963523,891.949234,892.98339,893.9358868,895.7732679,903.9583077,904.9532143,902.9012045,901.936766,903.02106,904.0556226,905.9986071,911.9685641,912.9507619,912.9259886,911.9268936,913.05873,914.1753585,916.2239464,921.8848718,922.955,922.9661364,921.9170213,923.0964,924.2950943,926.4492857
Duluth,Toronto,1102.194635,1098.375278,1097.67775,1097.660522,1098.554674,1101.22084,1101.593877,1114.84625,1110.809304,1111.603274,1110.00425,1110.935,1113.72955,1114.149505,1127.497865,1123.250911,1124.044119,1122.356267,1123.315326,1126.23826,1126.705132,1140.14948,1137.407051,1136.484964,1134.722561,1135.695395,1136.587155,1139.260759,1152.801095,1151.699456,1148.92581,1147.088856,1148.068158,1149.00757,1151.816387,1165.452709,1166.127924,1161.366655,1159.45515,1160.440921,1159.0897,1164.372014,1178.104324,1178.781139,1173.820952,1171.821444,1172.813684,1171.4203,1176.927642
Duluth,Windsor,868.5615312,870.1034118,868.3440556,867.5416923,867.4979756,867.315,866.7837609,878.9517969,880.6680882,878.775625,877.9176923,877.9051829,877.7336628,877.1690761,889.335625,889.2867059,889.2342778,888.2936923,888.3123902,888.1535814,887.5543913,899.7194531,897.6133824,897.6220833,898.6696923,898.7195976,898.5735,897.9397065,910.1032813,907.8955882,907.9608333,909.0456923,909.1268049,908.9934186,908.3250217,920.4871094,918.1923088,918.2995833,917.108,919.5340122,919.4133372,918.710337,928.548125,928.5067647,928.6083333,927.3638462,929.9412195,929.8332558,929.0956522
Hamilton,Chicago,603.055,600.5765,598.2207333,595.8674375,592.8701765,590.1465,592.8616842,611.4475,608.7369643,606.2518333,603.7298438,600.5513235,597.6640278,600.5239474,619.84,616.8974286,614.2829333,611.59225,608.2324706,605.1815556,608.1862105,628.2325,625.0658929,622.3140333,619.4546563,615.9136176,612.6990833,615.8484737,636.625,633.3032143,630.3451333,627.3170625,623.5947647,620.2166111,623.5107368,645.0175,641.5405357,638.3762333,635.1794688,631.2759118,627.7341389,631.173,653.41,649.7778571,646.4073333,643.041875,638.9570588,635.2516667,638.8352632
Hamilton,Cleveland,351.1471224,351.1812453,351.8827143,351.45815,352.178381,355.2308507,356.8474789,356.2104592,356.7238208,356.98,356.5162083,357.2912698,360.5551866,362.2900352,361.2737959,361.8150943,362.0772857,361.5742667,362.4041587,365.8795224,367.7325915,366.3371327,366.9063679,367.1745714,366.632325,367.5170476,371.2038582,373.1751479,371.4004694,371.9976415,372.2718571,371.6903833,372.6299365,376.528194,378.6177042,376.4638061,377.0875189,377.9698304,376.7484417,377.7428254,381.8525299,384.0602606,381.5271429,382.1766038,383.0976786,381.8065,382.8557143,387.1768657,389.5028169
Hamilton,Detroit,275.9285385,281.4216071,286.2694667,290.8490625,293.9802647,297.1743333,300.1331053,279.8144231,285.6872321,290.852,295.7403125,299.1022794,302.5001389,305.6610526,283.7003077,289.9528571,295.4345333,300.0710625,304.2242941,307.8259444,311.189,287.5861923,294.209625,300.0170667,304.9409531,309.3463088,313.15175,316.7169474,291.4720769,298.46225,304.5996,309.8108438,314.4683235,318.4775556,322.2448947,295.3579615,302.714875,309.1821333,314.6807344,319.5903382,323.8033611,327.7728421,299.2438462,306.9675,313.7646667,319.550625,324.7067647,329.1291667,333.3007895
Hamilton,Duluth,1029.567889,1027.75277,1026.982388,1026.202979,1025.615351,1024.674962,1023.480554,1041.388803,1040.174286,1039.332332,1038.505757,1037.875033,1036.889638,1035.631057,1053.890513,1052.591143,1050.883075,1050.807254,1050.138821,1049.104314,1047.78156,1066.392222,1065.008,1064.045571,1063.105986,1062.405093,1060.401296,1059.932063,1078.914051,1077.424857,1075.499216,1075.402831,1074.671364,1072.567132,1072.082565,1091.436214,1089.841714,1087.803899,1087.698458,1085.936765,1084.732969,1084.233068,1103.953761,1101.267857,1100.112015,1099.994085,1098.158411,1096.898805,1096.383571
Hamilton,Milwaukee,703.8285,703.8285,703.8285,703.8285,703.8285,703.8285,708.5956667,712.86875,712.86875,712.86875,712.86875,712.86875,712.86875,717.9841667,721.909,721.909,721.909,721.909,721.909,721.909,727.3726667,730.94925,730.94925,730.94925,730.94925,730.94925,730.94925,736.7611667,739.9895,739.9895,739.9895,739.9895,739.9895,739.9895,746.1496667,749.02975,749.02975,749.02975,749.02975,749.02975,749.02975,755.5381667,758.07,758.07,758.07,758.07,758.07,758.07,764.9266667
Hamilton,Montreal,511.1180769,509.5726607,511.4547667,512.7758254,513.6843881,512.6445493,512.3423867,518.7010577,517.9707589,519.0281667,520.4259127,521.3636567,520.2727113,519.9393667,526.2877308,525.5066071,526.5995,528.076,529.0429254,527.9008732,527.5363467,532.9040673,533.0424554,534.1708333,535.7254444,536.7230522,535.5290352,535.1333267,540.4554038,541.6081607,542.76415,543.3593968,544.4106418,543.1571972,542.7303067,549.0502308,549.1838125,550.3769083,550.9933492,552.0982313,550.7853592,550.3272867,556.6286538,556.7594643,557.9896667,558.6273016,559.7858209,558.4135211,557.9242667
Hamilton,Thunder Bay,1115.645538,1117.961762,1118.133556,1113.685958,1118.616039,1117.108648,1122.814825,1129.979423,1130.294643,1127.178889,1125.8275,1131.044804,1129.448102,1135.534254,1142.281692,1140.495238,1139.3412,1137.969042,1143.473569,1141.787556,1148.253684,1154.583962,1151.071202,1149.457778,1150.110583,1155.902333,1154.127009,1160.973114,1162.554051,1163.207786,1161.534,1162.252125,1168.331098,1166.466463,1173.692544,1171.702436,1175.367405,1173.610222,1174.393667,1180.759863,1178.805917,1186.411974,1183.64641,1184.803571,1185.686444,1186.535208,1193.188627,1191.14537,1199.131404
Hamilton,Toledo,335.2744286,335.0727895,337.943125,339.6956512,340.1520667,341.8584167,344.5618824,340.1006429,339.8840789,342.9403125,342.2534302,345.3220556,347.1715625,350.0717647,344.9268571,344.6953684,347.9375,347.2229767,350.4920444,352.4847083,355.5816471,349.7530714,349.5066579,352.9346875,355.0751977,355.6620333,357.7910938,361.0915294,354.5792857,354.3179474,357.931875,360.2034651,360.8320222,363.0944792,366.6014118,359.4055,359.1292368,362.9290625,365.3317326,366.0020111,368.3978646,372.1112941,364.2317143,363.9405263,367.92625,370.46,371.172,373.70125,377.6211765
Hamilton,Toronto,105.8093542,103.8936731,111.3890179,116.7095593,122.5920635,125.6089242,129.3662286,107.6691146,105.6533173,113.6319196,119.3022881,125.5827778,128.778447,132.7802857,109.528875,107.4129615,115.8748214,121.8950169,128.5734921,131.9479697,136.1943429,111.3886354,109.1726058,118.1177232,124.4877458,131.5642063,135.1174924,139.6084,113.2483958,110.93225,120.360625,127.0804746,132.9658889,138.2870152,143.0224571,115.1081563,112.6918942,122.6035268,127.9878051,135.8585794,141.4565379,146.4365143,116.9679167,114.4515385,123.21625,130.4747458,138.7512698,144.6260606,149.8505714
Hamilton,Windsor,260.0932222,258.013,256.9614762,260.5880909,267.10825,269.642,274.6798889,263.5961111,261.39375,260.2663095,264.1402273,271.1189583,273.8342,279.2447222,267.099,264.7745,263.5711429,267.6923636,275.1296667,278.0264,283.8095556,270.6018889,268.15525,266.8759762,271.2445,279.140375,282.2186,288.3743889,274.1047778,271.536,270.1808095,274.7966364,283.1510833,286.4108,292.9392222,277.6076667,274.91675,273.4856429,278.3487727,287.1617917,290.603,297.5040556,281.1105556,278.2975,276.7904762,281.9009091,291.1725,294.7952,302.0688889
Milwaukee,Chicago,150.6152097,150.4787576,149.485507,148.30264,146.961425,150.4004524,155.8854719,153.3239113,153.1624242,152.0819366,150.8022,149.3503125,153.0445238,158.9301404,156.0326129,156.3080606,154.6783662,153.30336,151.7392,155.6885952,161.974809,158.7413145,159.0200606,157.2747958,155.80452,154.1280875,158.3326667,165.0194775,161.4500161,161.7320606,159.8712254,158.30568,156.516975,160.9767381,168.0641461,164.1587177,164.4440606,162.4680775,160.80684,158.9058625,163.6208095,171.1088146,166.8674194,167.1560606,165.066338,163.308,161.29475,166.264881,174.1534831
Milwaukee,Cleveland,560.6770882,559.5879189,558.543225,556.8332143,555.8394444,555.7489787,554.8251,568.2744853,568.8185135,565.9606875,564.1302976,563.0623889,562.9693617,562.00175,575.8718824,576.4254054,573.37815,571.427381,570.2951111,570.1897447,569.1784,583.4692794,584.0511486,580.7956125,578.7244643,577.5283889,577.4101277,576.35505,591.0666765,591.6782432,588.213075,586.0215476,584.7616667,584.6305106,583.5317,598.6640735,599.3053378,595.6308625,593.318631,591.9949444,591.8508936,590.70835,606.2614706,606.9324324,603.05175,602.837381,599.2282222,599.0712766,597.885
Milwaukee,Detroit,475.2670938,474.5233429,474.4615946,472.4251026,471.0267619,468.6596818,467.4971489,481.9038281,481.1146429,479.2078378,478.9721795,475.2396429,474.9720455,473.747766,488.5405625,487.7059429,485.6560541,483.1860513,481.5330952,478.9506364,479.998383,495.1772969,492.0975286,492.1042703,489.5220385,487.8265476,485.1176932,486.249,501.8140313,498.5362571,496.0282162,495.8580256,494.12,491.28475,492.499617,508.4507656,504.9749857,502.3357297,502.1940128,497.6028929,497.4518068,498.750234,513.005625,511.4137143,508.6432432,505.545641,503.7480952,503.6188636,505.0008511
Milwaukee,Duluth,461.9604872,461.2894762,460.5974,458.8330208,461.384902,464.0276296,466.438614,467.9500641,467.2342857,466.4891667,464.5946354,467.3361765,470.1740741,472.7589912,473.939641,473.1790952,472.3809333,470.35625,473.287451,476.3205185,479.0793684,479.9292179,479.1239048,478.2727,476.1178646,479.2387255,482.466963,485.3997456,485.9187949,485.0687143,484.1644667,481.8794792,485.19,488.6134074,491.7201228,491.9083718,491.0135238,490.0562333,487.6410938,491.1412745,494.7598519,498.0405,497.8979487,496.9583333,495.948,493.4027083,497.092549,500.9062963,504.3608772
Milwaukee,Hamilton,718.1169677,716.1732121,712.57825,710.3291579,708.0573,705.7505476,703.7352444,727.4606452,725.4424242,721.645625,719.2463158,716.831625,714.4500595,712.3502222,736.8043226,734.7116364,730.713,728.1634737,725.62635,723.1495714,720.9652,746.148,743.9808485,739.5496528,737.0806316,734.435825,731.8490833,729.5801778,755.4916774,753.2500606,748.5698611,745.6746842,743.2453,740.5485952,738.1951556,764.8353548,762.5192727,757.5900694,754.5439211,752.054775,749.2481071,746.8101333,774.1790323,771.7884848,766.6102778,763.4131579,760.86425,757.947619,755.4251111
Milwaukee,Montreal,1106.001231,1101.583143,1097.433933,1102.453875,1107.160118,1102.751,1107.258211,1107.831346,1113.033214,1108.7035,1113.942188,1118.865,1114.243333,1119.083421,1118.807538,1114.380571,1119.973067,1125.4305,1130.569882,1125.735667,1130.908632,1129.783731,1125.197214,1131.242633,1136.918813,1142.274765,1137.228,1142.733842,1140.759923,1136.013857,1142.5122,1148.407125,1153.979647,1148.720333,1154.559053,1151.736115,1146.8305,1153.781767,1159.895437,1165.684529,1160.212667,1166.384263,1162.712308,1157.647143,1164.895333,1171.38375,1177.389412,1171.705,1178.209474
Milwaukee,Thunder Bay,729.9073636,729.8702083,730.98988,727.9704815,726.0276429,722.4194,718.96175,739.9734091,739.9405208,741.1285,737.8730556,735.7832143,731.9533333,728.279375,750.0394545,750.0108333,751.26712,747.7756296,745.5387857,741.4872667,737.597,760.1055,760.0811458,761.40574,757.6782037,755.3056071,751.0212,746.914625,770.1715455,770.1514583,771.54436,766.9667407,765.0838571,760.5551333,756.23225,780.2375909,780.2217708,781.68298,776.8581852,774.2571607,770.0890667,765.549875,790.3036364,790.2920833,791.8216,786.7496296,784.0253571,779.623,774.8675
Milwaukee,Toledo,428.1380455,428.0999167,429.31484,432.4143704,430.9533929,431.3220667,435.2429375,433.3746591,433.3541667,434.6857,434.7918519,436.4913393,436.9341667,441.0817188,438.6112727,438.6084167,440.05656,440.1942222,442.0292857,442.5462667,446.9205,443.8478864,443.8626667,445.42742,445.5965926,447.5672321,448.1583667,452.7592813,449.0845,449.1169167,450.79828,450.998963,453.1051786,453.7704667,458.5980625,454.3211136,454.3711667,456.16914,456.4013333,454.6030714,459.3825667,464.4368438,459.5577273,459.6254167,461.54,461.8037037,459.9307143,464.9946667,470.275625
Milwaukee,Toronto,745.3977778,747.962641,748.097122,749.0934773,750.9752826,752.1080612,753.2906538,755.9989583,757.0008333,757.1753659,758.2549432,760.2239674,761.4014796,762.6519231,765.0526667,766.0390256,766.2536098,769.3218182,769.4572174,770.694898,772.0131923,775.9471944,775.113141,775.3318537,778.5913068,778.6887826,779.9883163,781.3744615,785.0968333,784.1896154,784.4100976,787.8585,787.9203478,789.2817347,790.7357308,794.2464722,793.2660897,793.4883415,797.0848182,797.151913,798.5751531,800.097,805.5719444,802.3425641,802.5665854,806.3111364,808.7432609,807.8685714,809.4582692
Milwaukee,Windsor,463.4157907,463.9959783,464.7756531,465.4761538,466.1243091,466.7885172,467.0364194,469.1750581,469.7711413,470.5819898,471.3306731,472.0615909,471.3975,473.0618548,474.9343256,475.5463043,476.3883265,477.1851923,476.5164727,477.3053103,479.0872903,480.693593,481.3214674,480.6401531,481.4757212,480.7834091,483.2131207,485.1127258,487.7521628,487.0966304,486.3727551,487.2549038,486.5355455,489.120931,491.1381613,493.583407,492.8717935,492.1053571,493.0340865,492.2876818,495.0252845,497.1635968,499.4146512,498.6469565,497.8379592,498.8132692,498.0398182,499.107069,503.1890323
Montreal,Chicago,1030.913647,1028.631306,1027.433205,1027.64622,1028.968477,1029.015413,1030.832837,1040.034338,1039.837708,1038.575705,1038.789207,1037.336761,1040.252772,1042.228929,1051.228706,1051.044111,1049.718205,1049.932195,1048.441818,1051.49013,1053.62502,1062.423074,1062.287944,1060.860705,1061.075183,1059.546875,1062.727489,1065.021112,1073.617441,1073.540667,1072.005077,1072.218171,1070.651932,1073.964848,1076.417204,1084.811809,1084.793389,1083.173564,1083.361159,1081.756989,1085.202207,1087.813296,1096.006176,1096.046111,1094.342051,1094.504146,1092.862045,1096.439565,1099.209388
Montreal,Cleveland,729.3002857,727.7426667,729.5100625,731.1197059,729.5605,731.1538947,726.0148095,739.165,737.4846667,739.3676563,741.0816176,739.4009722,741.0981579,735.6120238,749.0297143,751.0413333,749.22525,751.0435294,752.8444444,751.0424211,745.2092381,758.8944286,761.0211667,759.0828437,761.0054412,762.9091667,760.9866842,754.8064524,768.7591429,771.001,768.9404375,770.9673529,772.9738889,770.9309474,764.4036667,778.6238571,780.9808333,783.1088438,780.9292647,783.0386111,780.8752105,774.000881,788.4885714,790.9606667,793.191875,790.8911765,793.1033333,790.8194737,783.5980952
Montreal,Detroit,683.3710154,683.8261143,683.5339733,683.6276203,685.0690119,685.5672697,686.1176489,691.5633462,692.0421429,691.7259333,691.825,693.3505655,693.8621629,694.4567287,700.7007077,700.2766286,699.9178933,700.0223797,701.632119,702.1570562,702.7958085,708.9611462,709.5035571,709.08284,708.2197595,709.9121964,710.4519494,711.1348883,716.1766,718.8568,717.3482933,716.4171392,718.188131,718.7468427,719.4739681,724.3896846,727.2150429,725.6137467,724.614519,726.4640655,727.041736,727.8130479,732.6027692,734.4277143,733.8792,733.9558228,734.74,735.3366292,736.1521277
Montreal,Duluth,1357.14572,1356.639481,1358.738107,1354.151567,1353.374688,1280.847824,1214.693333,1373.5419,1377.795185,1375.187054,1370.278083,1369.4625,1296.505441,1229.83625,1389.89824,1394.42163,1391.636,1386.4046,1385.550313,1312.163059,1244.979167,1406.23848,1411.048074,1408.084946,1402.531117,1401.638125,1327.820676,1260.122083,1422.57872,1427.674519,1424.533893,1418.657633,1417.725937,1343.478294,1275.265,1438.91896,1444.300963,1440.982839,1434.78415,1433.81375,1359.135912,1290.407917,1455.2592,1460.927407,1457.431786,1450.910667,1449.901563,1374.793529,1305.550833
Montreal,Hamilton,482.455814,481.966087,483.9816327,486.0425769,486.7608727,486.2091897,486.5010968,489.0380233,489.793587,490.6277551,492.8072115,493.5588182,491.4128879,493.2912903,495.6202326,496.4103913,497.2690204,499.5718462,500.3567636,498.0861379,500.0814839,502.2024419,503.0271957,503.9102857,506.3364808,507.1547091,504.7593879,506.8716774,508.7846512,509.644,510.551551,513.1011154,513.9526545,511.4326379,513.661871,515.3668605,516.2608043,517.1928163,519.86575,520.7506,518.1058879,520.4520645,521.9490698,522.8776087,523.8340816,526.6303846,527.5485455,524.7791379,527.2422581
Montreal,Milwaukee,1133.346217,1129.10796,1133.551667,1135.703321,1136.310967,1136.283094,1135.920735,1145.962283,1141.5125,1146.274722,1144.026071,1149.332583,1149.362891,1149.026544,1158.578348,1153.91704,1154.253556,1156.702214,1162.3542,1162.442688,1162.132353,1171.194413,1166.38508,1166.779333,1169.378357,1169.1331,1175.522484,1175.238162,1183.810478,1178.92872,1179.305111,1182.0545,1181.900733,1188.602281,1188.343971,1191.562587,1191.47236,1197.483333,1194.730643,1194.668367,1201.682078,1201.449779,1204.021739,1204.016,1210.335185,1207.406786,1207.436,1214.761875,1214.555588
Montreal,Thunder Bay,1234.817623,1235.160098,1240.593008,1244.106058,1247.285493,1249.993078,1252.90008,1248.442127,1249.206803,1254.529192,1257.405978,1260.74089,1263.585519,1266.627684,1261.378035,1262.128738,1267.603969,1271.760232,1275.056068,1277.177961,1280.355288,1274.313943,1274.691717,1280.788592,1286.218746,1288.305411,1290.770403,1294.082893,1287.249851,1287.953811,1293.845077,1299.646072,1302.766712,1304.362844,1307.810497,1300.185759,1302.300488,1307.018846,1312.696174,1316.320034,1317.955286,1321.538101,1313.121667,1316.784426,1319.945692,1326.103116,1329.873356,1330.072727,1335.265706
Montreal,Toledo,740.1847391,740.8700204,741.5589615,741.9722857,744.0968305,746.4605645,750.1733939,748.7868478,750.7161735,750.1909615,750.615625,752.8376695,755.3032661,759.2157576,757.3889565,759.4120408,758.8348077,759.2589643,761.5785085,764.1459677,768.2581212,767.3383913,768.1079082,767.4889904,767.9023036,770.3193475,772.9886694,777.3004848,776.0183478,778.2657551,776.1577885,776.5456429,779.0601864,781.831371,786.3428485,784.6983043,785.5282347,784.8265865,786.8105268,789.3700254,790.6735806,795.3852121,793.3782609,794.2357143,795.2425,798.9226786,798.1844068,799.5151613,804.4275758
Montreal,Toronto,437.3971,434.9823333,437.069,439.2315946,441.4175128,443.5400488,442.6007727,442.9210833,440.3152273,442.5506429,444.8884459,447.2176282,449.4886585,448.4952273,448.4450667,445.6481212,448.0322857,450.5452973,453.0177436,455.4372683,454.3896818,453.96905,450.9810152,453.6095,456.2021486,458.817859,461.385878,460.2841364,459.4930333,456.3139091,459.1081429,461.859,464.6179744,467.3344878,466.1785909,465.0170167,461.646803,464.6067857,467.5158514,470.4180897,473.2830976,472.0730455,470.541,466.979697,470.1054286,473.1727027,476.2182051,479.2317073,477.9675
Montreal,Windsor,690.3424565,690.17738,688.5446792,689.0119643,687.8917333,685.476873,685.4301791,698.9578804,698.77385,698.1625,697.5025,696.2936667,693.7405159,693.6940299,707.5733043,707.37032,706.7147547,705.9930357,704.6956,702.0041587,701.9578806,716.1887283,715.96679,715.2670094,714.4896964,713.0975333,710.2678016,710.2217313,724.8041522,724.56326,723.8192642,722.9996786,721.4994667,718.5314444,718.4855821,733.4195761,733.16898,732.3715189,731.5096607,729.9014,726.7950873,726.7494328,742.025,741.7808,740.9237736,740.0196429,738.3033333,735.0587302,735.0132836
Thunder Bay,Chicago,815.4966596,814.6539604,814.3736759,814.9642895,814.5412314,814.1049375,814.6693333,824.7031117,824.4239109,824.1446065,824.7786184,824.3372934,823.8766016,824.4831111,834.4676596,833.5385149,833.9135741,834.6003158,834.952595,833.6482656,834.2968889,844.2322074,843.9484752,843.6766389,844.4220132,844.794405,843.4199297,844.1106667,853.9993936,853.7028119,853.4397037,854.2437105,854.6362149,853.1915938,853.9244444,863.0617128,863.4571485,862.4139583,864.0654079,864.4780248,862.9632578,863.7382222,872.7931915,873.2114851,872.1352778,873.8871053,874.3198347,872.7349219,873.552
Thunder Bay,Cleveland,1134.667346,1134.439393,1130.124367,1129.933094,1130.060882,1125.3885,1130.013184,1152.315385,1147.894732,1143.324417,1143.126484,1138.3775,1138.351667,1143.233355,1166.051769,1161.350071,1156.524467,1156.319875,1151.295176,1151.314833,1156.453526,1179.788154,1174.805411,1169.724517,1169.513266,1164.212853,1169.751,1169.673697,1188.541962,1188.26075,1182.924567,1182.706656,1177.130529,1182.987611,1182.893868,1202.01625,1201.716089,1196.124617,1195.900047,1190.048206,1190.157667,1196.114039,1215.502308,1215.171429,1209.324667,1209.093438,1202.965882,1203.074444,1209.334211
Thunder Bay,Detroit,911.1328214,913.8478667,916.4270937,919.0390294,919.2393333,922.8795263,929.0620976,920.473125,923.3665,926.1050781,928.8799265,929.0854167,932.9535526,939.5478049,929.8134286,932.8851333,935.782125,938.7208235,938.9315,943.0275789,950.0335122,939.1537321,942.4037667,945.4591719,948.5617206,948.7775833,953.1016053,960.5192195,948.4878571,951.9224,955.1362187,958.4026176,958.6236667,963.1756316,971.0049268,957.8010714,961.4410333,964.8132656,968.2435147,968.46975,973.2496579,981.4906341,967.1142857,970.951,974.4903125,978.0844118,978.3158333,983.3236842,991.9763415
Thunder Bay,Duluth,288.5025926,293.2114138,296.975,300.9518485,303.1379429,302.4158108,302.8001795,292.6353704,297.6649138,301.6908871,305.2572727,308.3114286,307.5877703,308.0094231,296.7681481,302.1184138,306.4067742,310.2026667,313.4849143,312.7597297,313.2186667,300.9009259,306.5719138,311.8074839,315.1480606,315.7668286,317.9316892,318.4279103,305.0141481,311.0254138,316.5657419,320.0934545,320.7933143,323.1036486,323.6371538,309.1078148,315.4789138,321.324,325.0388485,325.8198,328.2756081,328.8463974,313.2014815,319.9324138,326.0822581,329.9842424,330.8462857,333.4475676,334.055641
Thunder Bay,Hamilton,1116.924806,1113.319909,1111.49225,1111.504789,1111.538325,1114.626714,1116.894022,1129.598548,1125.760985,1123.783403,1123.785132,1123.816063,1127.095,1129.529278,1142.286258,1139.198364,1136.074556,1136.065474,1136.0938,1139.563286,1142.164533,1151.866516,1153.050848,1148.365708,1148.345816,1148.371538,1152.031571,1154.799789,1164.324129,1161.457848,1164.512722,1160.626158,1160.649275,1164.499857,1167.435044,1176.781742,1173.794985,1172.901556,1172.9065,1172.927012,1176.968143,1180.0703,1189.245484,1186.132121,1185.161389,1185.186842,1185.20475,1189.436429,1192.705556
Thunder Bay,Milwaukee,734.291561,734.2738889,733.1138333,733.09932,733.8552593,733.0132679,731.1604,743.7881707,743.7345,743.3155208,742.449,743.2665741,742.3761161,740.3975,754.0990732,753.1951111,752.7240833,751.79868,751.7505556,751.7389643,749.6346,763.6429634,762.6557222,762.1326458,762.11595,761.1096759,761.1018125,758.8717,773.1868537,772.1163333,771.5475417,771.5239,770.4687963,770.45125,768.1088,782.7144268,781.5769444,780.9665833,780.93185,779.8279167,779.7998214,777.3459,792.2373171,792.0724444,790.385625,790.3398,789.187037,789.1483929,786.583
Thunder Bay,Montreal,1274.335564,1271.483071,1269.338545,1272.737191,1274.78286,1276.22283,1279.852732,1291.222756,1284.736845,1282.475682,1286.095106,1288.27565,1289.850566,1293.706205,1304.862513,1297.990619,1299.133091,1299.453021,1300.12248,1303.478302,1307.559679,1318.502269,1311.244393,1312.447375,1311.157979,1313.54641,1317.106038,1321.413152,1332.142026,1324.498167,1325.761659,1324.428511,1326.97034,1330.733774,1335.266625,1345.781782,1343.077774,1339.075943,1337.699043,1340.39427,1344.361509,1349.120098,1359.421538,1356.579286,1352.390227,1350.969574,1353.8182,1357.989245,1362.973571
Thunder Bay,Toledo,958.0586087,955.67428,956.1647778,957.8755357,962.5944667,967.44925,973.0060588,967.9516304,965.4087,965.9439815,967.7199107,972.7305,977.8289063,983.6957353,977.8708696,975.14312,975.7231852,977.5642857,982.8665333,988.2085625,994.3854118,987.7901087,984.88706,985.5023889,987.4086607,993.0025667,998.5882188,1005.075088,997.7093478,994.64364,995.2815926,997.2530357,1003.1386,1008.967875,1015.764765,1007.628587,1004.40022,1005.060796,1007.097411,1013.274633,1019.347531,1026.454441,1017.547826,1014.1568,1014.84,1016.941786,1023.410667,1029.727188,1037.144118
Thunder Bay,Toronto,1133.431447,1132.005317,1130.224205,1129.870283,1125.419429,1123.89575,1122.640745,1149.736579,1145.485488,1143.57483,1143.206522,1138.470969,1134.011587,1135.566773,1163.517526,1158.965659,1156.925455,1153.45413,1151.545224,1146.818269,1148.4928,1174.244671,1172.445829,1170.27608,1166.623576,1164.61948,1159.624952,1161.418827,1187.828289,1185.926,1183.626705,1179.796587,1177.693735,1172.431635,1174.344855,1201.411908,1195.808634,1196.97733,1192.969598,1187.193367,1185.258125,1187.270882,1214.995526,1209.083659,1210.327955,1206.142609,1200.079184,1198.093077,1200.196909
Thunder Bay,Windsor,957.7538636,955.0550638,955.928,956.8246038,957.7695357,954.6061017,956.9847619,969.0259091,968.0868085,967.0997,968.0383962,969.045,965.7250847,968.2296825,980.2979545,979.3082553,978.2714,979.2549057,980.3204643,976.8440678,979.4746032,991.57,990.5297021,989.4431,990.4813208,991.5959286,987.9630508,990.7195238,1000.660432,1001.751149,1002.88052,1001.707736,1002.871393,1001.565153,1001.964444,1011.826125,1012.972596,1011.77385,1012.934151,1014.146857,1012.77461,1013.209365,1022.991818,1024.194043,1022.9288,1024.160566,1025.422321,1023.984068,1024.454286
Toledo,Chicago,305.5269091,305.6605833,306.47648,306.7632222,307.7593929,312.7238333,317.0976875,309.1009091,309.2501042,310.1198,310.4215741,311.4770536,316.7759167,321.445,310.7847273,312.8285833,313.76312,314.0799259,315.1947143,320.828,325.7923125,314.2415,316.4070625,317.40644,317.7382778,318.912375,324.8800833,330.139625,317.6982727,319.9855417,319.05896,321.3966296,322.6300357,328.9321667,334.4869375,321.1550455,323.5640208,322.59128,325.0549815,326.3476964,332.98425,338.83425,324.6118182,327.1425,326.1236,328.7133333,330.0653571,337.0363333,343.1815625
Toledo,Cleveland,156.87224,155.575963,154.9531429,153.7965667,152.576125,157.9478824,162.9444167,159.1918,157.7971296,157.1339286,155.8980833,154.5985938,160.3507353,165.7072917,161.51136,160.0182963,159.3147143,157.9996,156.6210625,162.7535882,168.4701667,163.83092,162.239463,161.4955,160.1011167,158.6435312,165.1564412,171.2330417,166.15048,164.4606296,163.6762857,162.2026333,160.666,167.5592941,173.9959167,168.47004,166.6817963,165.8570714,164.30415,162.6884687,169.9621471,176.7587917,170.7896,168.902963,168.0378571,166.4056667,164.7109375,172.365,179.5216667
Toledo,Detroit,93.18575,92.29330769,100.022,106.7478,112.2414375,116.1362353,121.8777778,95.049375,94.08903846,102.3696429,109.5888333,115.4751563,119.6617647,125.8102778,96.913,95.88476923,104.7172857,112.4298667,118.708875,123.1872941,129.7427778,98.776625,97.6805,107.0649286,115.2709,121.9425938,126.7128235,133.6752778,100.64025,99.47623077,109.4125714,118.1119333,125.1763125,130.2383529,137.6077778,102.503875,101.2719615,111.7602143,120.9529667,128.4100313,133.7638824,141.5402778,104.3675,103.0676923,114.1078571,123.794,131.64375,137.2894118,145.4727778
Toledo,Duluth,831.0295556,835.3939,831.2887273,831.2887273,835.33075,830.7078462,835.9036429,840.0333333,844.63825,840.3,840.3,844.569375,839.6665385,845.1855357,849.0371111,853.8826,849.3112727,849.3112727,853.808,848.6252308,854.4674286,858.0408889,863.12695,858.3225455,858.3225455,863.046625,857.5839231,863.7493214,867.0446667,872.3713,867.3338182,867.3338182,872.28525,866.5426154,873.0312143,876.0484444,881.61565,876.3450909,876.3450909,881.523875,875.5013077,882.3131071,885.0522222,890.86,885.3563636,885.3563636,890.7625,884.46,891.595
Toledo,Hamilton,328.4954,326.4017188,330.0211176,330.7662778,333.7759211,336.450125,337.7402791,333.3378333,331.1139844,332.0606618,335.8022222,339.0311184,341.9101875,343.3053488,338.1802667,335.82625,336.8422941,340.8381667,344.2863158,347.37025,348.8704186,343.0227,340.5385156,341.6239265,345.8741111,349.5415132,352.8303125,354.4354884,347.8651333,345.2507813,346.4055588,350.9100556,354.7967105,358.290375,360.0005581,352.7075667,349.9630469,351.1871912,355.946,360.0519079,359.9026,365.5656279,357.55,354.6753125,355.9688235,360.9819444,365.3071053,365.1665,371.1306977
Toledo,Milwaukee,420.3420182,419.7897833,418.0033281,418.3663134,417.9645,419.9450267,423.3953125,425.8411364,425.229625,423.3119922,423.7172761,423.2922222,425.4755333,429.1283438,431.3402545,430.6694667,428.6230938,428.0977313,428.6199444,430.96224,434.861375,436.8393727,436.1093083,433.9379844,432.3498134,433.9476667,436.4489467,440.5944063,442.3384909,441.54915,439.252875,437.5747015,439.2753889,441.9356533,446.3274375,447.8376091,446.9889917,444.5677656,442.7995896,444.6031111,447.42236,452.0604688,453.3367273,452.4288333,449.8826562,448.0244776,449.9308333,452.9090667,457.7935
Toledo,Montreal,752.2507818,752.3470847,753.4479524,753.4436119,754.7665775,754.6888533,751.9241899,761.6725909,761.7774153,762.9129365,762.921791,764.3500352,764.2693333,761.3206013,771.0944,771.1670169,772.3734286,772.3999701,773.933493,773.8498133,770.7170127,781.6576364,780.5566186,780.6139762,781.8781493,783.5169507,783.4302933,780.1134241,789.8628727,789.9344746,790.0032857,791.3563284,793.1004085,793.0107733,789.5098354,799.2364364,799.3010508,799.3925952,800.8345075,802.6838662,802.5912533,798.9062468,808.61,808.6694915,808.7819048,810.3126866,812.2673239,812.1717333,808.3026582
Toledo,Thunder Bay,966.7477667,966.628375,964.5999412,964.6192222,964.6183684,967.56225,972.4240698,977.66925,977.5742188,975.3988235,975.4383333,978.2142105,978.55025,983.6977326,988.5907333,988.5200625,986.1977059,986.2574444,989.1911579,989.5354,994.9713953,999.5122167,999.4659063,996.9965882,997.0765556,1000.168105,1000.518175,1006.245058,1010.4337,1010.41175,1007.795471,1007.895667,1011.145053,1011.50095,1017.518721,1021.355183,1021.357594,1018.594353,1018.714778,1022.122,1022.483725,1028.792384,1032.276667,1032.303438,1029.393235,1029.533889,1033.098947,1033.4665,1040.066047
Toledo,Toronto,406.0069231,404.5267143,406.8154667,408.8591875,411.0224706,408.5662222,405.6143158,412.0857692,410.5539286,413.0546667,415.2542188,417.5467647,414.9275,411.8005263,418.1646154,416.5811429,419.2744,421.64925,424.0710588,421.2887778,417.9867368,420.7263846,422.6083571,425.4819667,428.0442813,430.5953529,427.6500556,424.1729474,426.5978462,428.6355714,431.6895333,434.4393125,437.1196471,434.0113333,430.3591579,432.4693077,434.6627857,437.8971,440.8343438,443.6439412,440.3726111,436.5453684,438.3407692,440.69,444.1046667,447.229375,450.1682353,446.7338889,442.7315789
Toledo,Windsor,99.2648125,98.10128571,98.09332432,97.29615385,99.60104762,103.6837045,109.7138936,101.2628125,100.0179286,100.0073649,99.15807692,101.6190476,105.9911932,112.4509043,103.2608125,101.9345714,101.9214054,101.02,103.6370476,108.2986818,115.1879149,105.2588125,103.8512143,103.8354459,102.8819231,105.6550476,110.6061705,117.9249255,107.2568125,105.7678571,105.7494865,104.7438462,107.6730476,112.9136591,120.6619362,109.2548125,107.6845,107.663527,106.6057692,109.6910476,115.2211477,123.3989468,111.2528125,109.6011429,109.5775676,108.4676923,111.7090476,117.5286364,126.1359574
Toronto,Chicago,663.7461429,663.805,663.0276667,664.8871538,663.8564815,666.2867931,662.5923871,673.8096429,672.0144565,671.1725,673.1386538,672.0293519,674.6168103,670.7272581,682.1654286,680.223913,681.2038333,681.3901538,680.2022222,682.9468276,678.862129,690.5212143,690.469413,689.4625625,689.6416538,688.3750926,691.2768448,686.997,698.877,698.7935217,697.7212917,697.8931538,696.547963,699.6068621,695.131871,709.6577143,707.1176304,705.9800208,706.1446538,704.7208333,707.9368793,703.2667419,718.1380952,715.4452174,714.23875,714.3961538,712.8937037,716.2668966,711.4016129
Toronto,Cleveland,408.6177647,406.1843889,401.6997,404.0050952,401.9205909,404.0563913,403.96032,415.0147059,412.4243056,407.657,410.1125,407.8992045,410.2075,410.1316,421.4116471,418.6642222,413.6143,416.2199048,413.8778182,416.3586087,416.30288,427.8085882,424.9041389,419.5716,422.3273095,419.8564318,422.5097174,422.47416,434.2055294,431.1440556,425.5289,428.4347143,425.8350455,428.6608261,428.64544,440.6024706,437.3839722,431.4862,434.542119,431.8136591,434.8119348,434.81672,446.9994118,443.6238889,437.4435,440.6495238,437.7922727,440.9630435,440.988
Toronto,Detroit,342.9819231,346.7766429,349.0111364,351.4697234,353.58246,354.7404528,353.9964286,348.0545513,352.1299405,354.5214773,357.8819681,360.0955,360.7139623,359.9235714,353.1512308,357.4832381,360.0318182,363.6400851,366.02092,366.6874717,365.8507143,358.252141,362.9146548,365.5421591,369.3982021,371.94634,372.6609811,371.7778571,363.3377949,368.2754048,371.0525,375.1563191,378.54976,378.6344906,377.705,368.4452436,373.6361548,376.5628409,380.9144362,384.50268,384.608,383.6321429,373.5258974,378.9969048,382.0731818,386.6725532,390.6646,390.5815094,389.5592857
Toronto,Duluth,1073.20194,1075.490463,1076.788807,1080.845574,1083.897453,1086.230853,1088.847056,1084.48955,1086.954676,1088.321754,1092.650574,1095.907383,1098.391029,1101.164167,1095.77716,1098.418889,1099.854702,1104.455574,1107.917313,1110.551206,1113.481278,1107.06477,1109.883102,1111.387649,1116.260574,1119.927242,1122.711382,1125.798389,1118.35238,1121.347315,1122.920596,1128.065574,1131.937172,1134.871559,1138.1155,1129.63999,1132.811528,1134.453544,1139.870574,1143.947102,1147.031735,1150.432611,1140.9276,1144.254259,1145.986491,1151.675574,1155.957031,1159.191912,1162.749722
Toronto,Hamilton,93.52029032,95.18780597,101.3419028,105.4870921,110.1361235,113.5053294,117.6341,95.88967742,97.20414179,103.8543403,108.3202303,113.5935185,116.9556765,121.40025,97.83258065,99.22047761,106.3667778,111.1667368,116.8197778,120.4060235,125.1664,100.2736613,101.2395597,108.8739375,114.015875,120.046037,123.8563706,128.93255,102.2507742,103.2531493,111.3797083,116.8650132,123.2722963,127.3067176,132.6987,104.2278871,105.2694851,113.6762153,119.7141513,126.4985556,131.2788176,136.46485,106.7756452,107.2858209,116.1722222,122.5632895,129.7248148,134.7408235,140.231
Toronto,Milwaukee,758.2718148,761.2616,761.19375,762.2859091,763.1673611,762.0857027,761.00545,767.2076852,770.3835,772.586875,773.6714394,772.368125,771.1918243,770.050625,776.1435556,779.5054,781.8021875,782.9433939,781.5688889,780.3006486,779.0958,785.0794259,788.6273,791.0175,792.2153485,790.7696528,789.4417703,788.140975,794.0152963,797.7077333,800.2328125,801.487303,799.9704167,798.5828919,797.18615,802.9209444,806.7842,809.448125,810.7592576,809.1711806,807.7240135,806.231325,811.8107407,815.8606667,818.6634375,820.0312121,818.3719444,816.8651351,815.2765
Toronto,Montreal,463.2433415,461.8157778,461.0448958,461.01276,460.8141111,459.2254821,458.9118333,469.5015244,467.9994444,467.2409896,467.2292,465.4388426,465.3535268,465.0158333,477.0330732,474.1831111,471.9252917,473.43052,471.5394074,471.4815714,471.1198333,483.3698659,480.3667778,478.0263646,479.62699,477.6399722,477.6096161,477.2238333,489.7066585,486.5504444,484.1274375,485.82346,483.740537,483.7168036,483.3278333,496.0434512,492.7341111,490.2285104,492.01993,489.8411019,489.8169732,489.4318333,502.3802439,498.9177778,496.3295833,498.2164,493.9533333,495.9171429,495.5358333
Toronto,Thunder Bay,1135.471313,1135.290265,1132.353778,1128.104769,1127.766805,1124.601651,1122.493478,1149.595781,1149.42125,1146.212222,1141.67141,1141.307744,1137.948779,1135.744783,1163.72025,1163.552235,1160.070667,1155.238051,1154.848683,1151.295907,1148.996087,1177.844719,1177.683221,1173.972819,1168.804692,1168.389622,1164.643035,1162.247391,1191.969187,1191.814206,1187.885028,1182.371333,1181.930561,1177.990163,1175.498696,1206.093656,1205.945191,1201.797236,1195.937974,1195.4715,1191.337291,1188.75,1220.218125,1220.076176,1215.709444,1209.504615,1209.012439,1204.684419,1202.001304
Toronto,Toledo,409.9181591,412.44,414.85644,415.8121321,418.3771607,419.3267797,417.7002381,415.8109659,418.6882979,421.1546,422.1629717,424.9101339,425.9260169,424.2073413,423.5292727,424.8041702,427.45276,430.256717,431.4431071,432.5252542,430.7144444,429.89675,433.0534043,435.5427,436.7202264,437.9671875,439.1244915,437.2215476,438.0271591,439.4071702,442.38922,443.1837358,444.4854464,445.7237288,443.7286508,444.6867841,447.9639255,448.81151,449.6472453,451.0037054,452.3229661,450.235754,450.8579545,454.3342553,455.2338,456.1107547,457.5219643,458.9222034,456.7428571
Toronto,Windsor,310.7607609,310.3143469,309.8017885,309.7769643,313.1900169,316.2859516,319.9924545,314.8139674,314.3361735,313.775625,313.7376786,317.3927542,320.7030242,324.6774242,318.8671739,318.358,317.7494615,317.6983929,321.5954915,325.1200968,329.3623939,322.9203804,322.3798265,321.7232981,321.6591071,325.7982288,329.5371694,334.0473636,326.973587,326.4016531,325.6971346,325.6198214,330.0009661,333.9542419,338.7323333,331.0267935,331.5600102,330.9616346,329.5805357,334.2037034,338.3713145,343.417303,335.08,335.6210204,334.9880769,333.54125,338.4064407,342.7883871,348.1022727
Windsor,Chicago,361.9922273,361.6055745,363.1765,364.5498491,368.1058571,371.3587119,375.2214286,367.1608523,365.7521277,367.42365,368.8020283,372.6990179,376.1772881,380.3103968,371.4036818,369.8986809,371.6708,373.143283,377.2921786,380.9958644,385.3993651,375.6478977,374.045234,375.91795,377.4845377,381.8853393,385.8144407,390.4883333,379.89375,378.1917872,380.1651,381.8257925,386.4785,390.6330169,395.5773016,384.1396023,383.5692979,384.41225,386.1670472,391.0683214,395.4515932,400.6662698,388.3854545,387.7770213,388.6594,390.5083019,395.6569643,400.2701695,405.7552381
Windsor,Cleveland,232.6220645,232.5924848,232.0175833,236.5090526,240.508425,244.0444524,249.0520667,235.6169355,235.5966667,234.9934028,239.7988158,244.0750625,247.8568452,253.2235,238.6118065,238.6008485,237.9692222,243.0885789,247.6417,251.6692381,257.3949333,241.6066774,240.1928333,240.9450417,246.3783421,251.2083375,255.481631,261.5663667,244.6015484,243.1099697,243.9208611,249.6681053,254.774975,259.2940238,265.7378,247.5964194,246.0271061,246.8966806,252.9584737,258.3416125,263.1064167,269.9092333,250.5912903,248.9442424,249.8725,256.2552632,261.90825,266.9188095,274.0806667
Windsor,Detroit,53.860475,53.13065116,54.14991304,55.11283673,59.41423077,65.04587273,69.55003448,56.1104375,55.35081395,56.42967391,57.43658163,62.03288462,68.01359091,72.83060345,58.3604,57.57097674,58.70943478,59.76032653,64.65153846,70.98130909,76.11117241,60.6103625,59.79113953,60.98919565,62.08407143,67.27019231,73.47761818,79.39174138,62.860325,62.01130233,63.26895652,64.40781633,69.88619231,76.44138182,82.67231034,64.4165375,64.23146512,65.54669565,66.73156122,72.50107692,79.40514545,85.95287931,66.636,66.45162791,67.82195652,69.05530612,75.11596154,82.87745455,89.23344828
Windsor,Duluth,915.2985152,913.994,911.8122105,911.679725,910.530907,910.4762444,911.596,925.7685606,922.1288889,922.06,921.9425,920.7293605,920.6876111,921.9178125,935.6179394,932.3689444,932.3077895,932.20955,928.3489767,930.8989778,932.239625,946.0527727,942.609,942.5555789,942.4766,938.3996977,941.1103444,942.5614375,956.4876061,952.8490556,952.8033684,952.74365,948.4504186,951.3217111,952.88325,966.9224394,963.0891111,963.0511579,963.0107,958.5011395,961.5330778,963.2050625,976.8506061,973.3291667,970.2092105,973.27775,968.5518605,971.7444444,973.526875
Windsor,Hamilton,253.2716042,251.7749615,250.9548393,249.7677458,249.7584603,253.0567879,257.0199714,256.8277604,255.2127885,254.3355804,253.0772458,253.0927381,256.894697,260.9083571,260.38925,258.6506154,257.7163214,256.3867458,256.4270159,260.4944242,264.7967429,263.9507396,262.0884423,261.0970625,259.6962458,259.7612937,264.0941515,268.6851286,267.5122292,265.5262692,264.4778036,263.0057458,263.0955714,267.6938788,272.5735143,271.0737187,268.9640962,267.8585446,266.3152458,266.4298492,271.2936061,276.4619,274.6352083,272.4019231,271.2392857,269.6247458,269.764127,274.8933333,280.3502857
Windsor,Milwaukee,497.2395,498.3094286,498.3835217,499.5105417,499.4397308,497.6637407,493.9943448,504.37975,505.5247619,505.6040217,506.8080208,506.7425962,504.8513889,500.9412069,511.52,512.7400952,512.8245217,514.1055,514.0454615,512.039037,507.888069,518.66025,519.9554286,520.0450217,521.4029792,521.3483269,519.2266852,514.834931,525.8005,527.1707619,527.2655217,528.7004583,528.6511923,526.4143333,521.7817931,532.94075,534.3860952,534.4860217,535.9979375,535.9540577,533.6019815,528.7286552,543.045,541.6014286,541.7065217,543.2954167,543.2569231,540.7896296,535.6755172
Windsor,Montreal,687.042275,688.9243256,690.1404565,693.3986531,692.4828654,693.6872545,692.7399138,695.4353125,697.8655233,698.6532065,702.0517347,701.0707212,702.3219545,701.3171121,703.82835,706.9590909,709.320087,710.7041633,711.9598846,710.9566545,709.8943103,712.2213875,714.8248837,717.9200109,719.3565918,720.6561635,719.5913545,718.4715086,720.59685,723.325814,726.5199348,728.0090204,729.3524423,728.2260545,727.0487069,730.9361125,731.2380349,735.1198587,736.661449,738.0487212,736.8607545,735.6259052,739.352,739.6732558,743.7197826,745.3138776,746.745,745.4954545,744.2031034
Windsor,Thunder Bay,956.0598333,953.2695313,950.6166471,953.1846389,953.0908684,952.939675,951.6703023,966.3451667,963.4173438,964.3841176,964.2489583,964.0979605,961.1640625,962.6561047,976.3656,974.5490625,975.4712941,975.3132778,975.1050526,972.01525,973.641907,988.7608333,987.4686875,988.5163382,986.3775972,986.1121447,982.8664375,984.6277093,1000.005667,998.682875,999.7196176,997.4419167,997.1192368,993.717625,995.6135116,1011.2505,1011.737672,1012.917882,1010.390389,1008.126329,1004.568812,1006.599314,1022.48,1022.995625,1024.207353,1021.536111,1019.133421,1015.42,1017.585116
Windsor,Toledo,106.4983077,106.3918214,106.2631667,104.7922813,106.9107059,112.0881111,117.6640526,108.57,109.4076786,108.28575,106.6955469,108.9720588,114.5186111,120.4890789,110.6416923,111.4982143,110.3083333,108.601625,111.0334118,116.9491111,123.3141053,112.7133846,113.58875,112.3309167,110.5077813,113.0947647,119.3796111,126.1391316,114.7850769,115.6792857,114.3535,112.4139375,115.1561176,121.8101111,128.9641579,116.8567692,117.7698214,116.3760833,114.3200938,117.2174706,124.2406111,131.7891842,118.9284615,119.8603571,118.3986667,116.22625,119.2788235,126.6711111,134.6142105
Windsor,Toronto,302.160012,302.2146854,302.6529684,303.1216733,307.081486,310.6625929,313.9003025,306.1902711,306.6365169,307.1546316,307.1610644,311.399743,315.2280752,318.714916,310.2205301,310.6680674,311.1954316,311.2004554,315.718,319.7935575,323.5295294,314.6658916,315.1590843,315.2362316,315.2398465,319.8989206,324.3590398,328.3441429,318.7231084,319.2148202,319.2770316,319.2792376,324.2082523,328.9245221,333.1587563,323.2569819,323.2705562,323.3178316,323.3186287,328.5175841,333.4900044,337.9733697,327.3445783,327.3262921,327.3586316,327.3580198,332.8269159,338.0554867,342.7879832